username,password
shah.hi111@gmail.com,a
shah.hi222@gmail.com,a
shah.hi333@gmail.com,a
shah.hi444@gmail.com,a
shah.hi555@gmail.com,a
shah.hi666@gmail.com,a
shah.hi777@gmail.com,a
shah.hi888@gmail.com,a
shah.hi99@gmail.com,a
shah.hi101@gmail.com,a
shah.hi111@gmail.com,a
shah.hi122@gmail.com,a
shah.hi133@gmail.com,a
shah.hi144@gmail.com,a
shah.hi155@gmail.com,a
shah.hi166@gmail.com,a
shah.hi178@gmail.com,a
shah.hi187@gmail.com,a
shah.hi199@gmail.com,a
shah.hi201@gmail.com,a
shah.hi211@gmail.com,a
shah.hi222@gmail.com,a
shah.hi233@gmail.com,a
shah.hi244@gmail.com,a
shah.hi255@gmail.com,a
shah.hi264@gmail.com,a
shah.hi27@gmail.com,a
shah.hi28@gmail.com,a
shah.hi29@gmail.com,a
shah.hi30@gmail.com,a
shah.hi31@gmail.com,a
shah.hi32@gmail.com,a
shah.hi33@gmail.com,a
shah.hi34@gmail.com,a
shah.hi35@gmail.com,a
shah.hi36@gmail.com,a
shah.hi37@gmail.com,a
shah.hi38@gmail.com,a
shah.hi39@gmail.com,a
shah.hi40@gmail.com,a
shah.hi41@gmail.com,a
shah.hi42@gmail.com,a
shah.hi43@gmail.com,a
shah.hi44@gmail.com,a
shah.hi45@gmail.com,a
shah.hi46@gmail.com,a
shah.hi47@gmail.com,a
shah.hi48@gmail.com,a
shah.hi49@gmail.com,a
shah.hi50@gmail.com,a
shah.hi51@gmail.com,a
shah.hi52@gmail.com,a
shah.hi53@gmail.com,a
shah.hi54@gmail.com,a
shah.hi55@gmail.com,a
shah.hi56@gmail.com,a
shah.hi57@gmail.com,a
shah.hi58@gmail.com,a
shah.hi59@gmail.com,a
shah.hi60@gmail.com,a
shah.hi61@gmail.com,a
shah.hi62@gmail.com,a
shah.hi63@gmail.com,a
shah.hi64@gmail.com,a
shah.hi65@gmail.com,a
shah.hi66@gmail.com,a
shah.hi67@gmail.com,a
shah.hi68@gmail.com,a
shah.hi69@gmail.com,a
shah.hi70@gmail.com,a
shah.hi71@gmail.com,a
shah.hi72@gmail.com,a
shah.hi73@gmail.com,a
shah.hi74@gmail.com,a
shah.hi75@gmail.com,a
shah.hi76@gmail.com,a
shah.hi77@gmail.com,a
shah.hi78@gmail.com,a
shah.hi79@gmail.com,a
shah.hi80@gmail.com,a
shah.hi81@gmail.com,a
shah.hi82@gmail.com,a
shah.hi83@gmail.com,a
shah.hi84@gmail.com,a
shah.hi85@gmail.com,a
shah.hi86@gmail.com,a
shah.hi87@gmail.com,a
shah.hi88@gmail.com,a
shah.hi89@gmail.com,a
shah.hi90@gmail.com,a
shah.hi91@gmail.com,a
shah.hi92@gmail.com,a
shah.hi93@gmail.com,a
shah.hi94@gmail.com,a
shah.hi95@gmail.com,a
shah.hi96@gmail.com,a
shah.hi97@gmail.com,a
shah.hi98@gmail.com,a
shah.hi99@gmail.com,a
shah.hi100@gmail.com,a
